,0
0,Eule
1, Mikroskop
2, Schokolade
3, Telefon
4, Schreibtisch
5, Flasche
6, Stift
7, Kaktus
8, Hühnchen
9, Taschentuch
10, Fahrrad
11, Ziegelstein
12, Nadel
13, Vogel
14, Kissen
15, Käse
16, Fingernagel
17, Schal
18, Stativ
19, Luftballon
20, Regenschirm
21, Koffer
22, Gitarre
23, Buch
24, Tasse
25, Handschuh
26, Feuerzeug
27, Schlüssel
28, Schildkröte
29, Waffeleisen
30, Schraubenzieher
31, Kamera
32, Uhren
33, Sanduhr
34, Teleskop
35, Juwel
36, Kompass
37, Schmuck
38, Muschel
39, Fächer
40, Kerze
41, Granate
42, Flaschenöffner
43, Greifzange
44, Armreif
45, Bleistift
46, Medaille
47, Arkade
48, Anhänger
49, Gully
50, Buchstabe
51, Kabel
52, Schallplatte
53, Taktstock
54, Computer
55, Laubsäge
56, Meerjungfrau
57, Knopf
58, Weinflasche
59, Kabeljau
60, Nudelholz
61, Pfeil
62, Trompete
63, Pinguin
64, Hammer
65, Lampe
66, Kastanie
67, Perle
68, Radio
69, Mauspad
70, Blatt
71, Knochen
72, Harfe
73, Schnecke
74, Blauer Fratz
75, Gabel
76, Waschmaschine
77, Hufeisen
78, Kreuz
79, Korkenzieher
80, Säge
81, Kürbis
82, Kuchen
83, Krone
84, Bumerang
85, Notenblatt
86, Schuh
87, Stil
88, Kommode
89, Piranha
90, Zange
91, Tasche
92, Styropor
93, Kugelschreiber
94, Bild
95, Kunst
96, Fernglas
97, Haarspange
98, Kopfkissen
99, Teller
100, Uhr
101, Magnet
102, Frosch
103, Zopf
104, Eiskratzer
105, Joystick
106, Schalter
107, Schleife
108, Haken
109, Fliegenklatsche
110, Taschenmesser
111, Gürtel
112, Schreibmaschine
113, Krawatte
114, Kassette
115, Schirm
116, Wecker
117, Deckel
118, Seife
119, Handtuch
120, Kupplung
121, Schaufel
122, Schale
123, Kran
124, Elefant
125, Satteltasche
126, Diamant
127, Schaltknüppel
128, Horn
129, Schneebesen
130, Kaninchen
131, Schlitten
132, Drossel
133, Rollstuhl
134, Mülltonne
135, Armatur
136, Fackel
137, Aschenbecher
138, Teakettle
139, Messer
140, Reißverschluss
141, Uhrwerk
142, Schleim
143, Huhn
144, Schnee
145, Trommel
146, Segelboot
147, Vogelhäuschen
148, Pailletten
149, Schallmauer
150, Kaffeetasse
151, Harpune
152, Fotos
153, Schnalle
154, Heft
155, Geige
156, Noten
157, Rasiermesser
158, Schürze
159, Nähnadel
160, Kabelbinder
161, Handtasche
162, Glasscherbe
163, Papagei
164, Spielzeug
165, Limonade
166, Sprengstoff
167, Klavier
168, Schubkarre
169, Sprungbrett
170, Taschenuhr
171, Schiff
172, Rechen
173, Backform
174, Halsband
175, Schrei
176, Eiscreme
177, Nähmaschine
178, Türschloss
179, Reisetasche
180, Knoblauch
181, Schneeflocke
182, Kühlschrank
183, Wassertropfen
184, Gesangbuch
185, Schneemann
186, Flöte
187, Lupe
188, Soldat
189, Tropfen
190, Gießkanne
191, Schlagzeug
192, Pfeife
193, Schere
194, Augenbinde
195, Peitsche
196, Parkuhr
197, Gartenschere
198, Sattel
199, Quast
200, Kiste
201, Bügeleisen
202, Rucksack
203, Fernbedienung
204, Stuhl
205, Glas
206, Skalpell
207, Gitarrenkoffer
208, Augenmaske
209, Taschenlampe
210, Schuhcreme
211, Eishockeyschläger
212, Federboa
213, Armband
214, Schachbrett
215, Schmetterling
216, Tornetz
217, Kranich
218, Schraubenschlüssel
219, Kurbel
220, Mixer
221, Vase
222, Füllfederhalter
223, Gummiente
224, Kameratasche
225, Schlauchboot
226, Pinsel
227, Globus
228, Karussell
229, Batterie
230, Salatschüssel
231, Schminkspiegel
232, Schreibtafel
233, Tintenfass
234, Kaffee
235, Schwein
236, Pillendose
237, Korb
238, Notfallhammer
239, Schaum
240, Schraubenmutter
241, Nana
242, Krug
243, Klatschmohn
244, Schaukelstuhl
245, Feder
246, Schaltknauf
247, Küchenmesser
248, Schusswaffe
249, Fadenzähler
250, Schreibfolie
251, Halskette
252, Gartenschlauch
253, Schuhsohle
254, Kabelloser Controller
255, Hula-Hoop-Reifen
256, Kamm
257, Schreibpapier
258, Schutzbrille
259, Schirmmütze
260, Heißklebepistole
261, Kleid
262, Schweißerhelm
263, Fußmatte
264, Schachtel
265, Schreibstift
266, Schalttafel
267, Handschuhe
268, Klaviertaste
269, Kombiinstrument
270, Schleifpapier
271, Schreibwaren
272, Luftturbolader
273, Salz- und Pfefferstreuer
274, Sektglas
275, Frisbee
276, Teekanne
277, Schriftzug
278, Klebstoff
279, Schaltwippe
280, Anker
281, Kettensäge
282, Steckdose
283, Kaffeebecher
284, Musikbox
285, Schminktisch
286, Handsäge
287, Walze
288, Hängematte
289, Handspiegel
290, Krawattenklammer
291, Serviette
292, Steckbrett
293, Nanas
294, Kugel
295, Kühlergrill
296, Wasserhahn
297, Lötkolben
298, Sofa
299, Gitarrenpick
300, Vakuumpumpe
301, Funke
302, Wasserglas
303, Korken
304, Kugellager
305, Frau
306, Auto
307, Schlüsselanhänger
308, Schattenspiel
309, Schotter
310, Blumenvase
311, Zylinderkopf
312, Schmerzmittel
313, Schraubstollen
314, Luftpolsterfolie
315, Kopfhörer
316, Jeans
317, Schiefern
318, Schokoriegel
319, Eimer
320, Schotenkrug
321, Schlichtheit
322, Königin
323, Tafelmesser
324, Füller
325, Sandkasten
326, Vasenpinsel
327, Schlüsselringe
328, Eis
329, Laubsägeblatt
330, Schatten
331, Schraubendreher
332, Schuppenteppich
333, Klebeband
334, Aquarium
335, Schweißausrüstung
336, Schneedecke
337, Kombinationsschloss
338, Küsschen
339, Landkarte
340, Schrott
341, Scherzartikel
342, Kranz
343, Kompressor
344, Schlüsselbund
345, Stahlrohrsäge
346, Stecker
347, Glasball
348, Schweißer-Helm
349, Klappmesser
350, Hängematte.
351,bedecken
352, schneiden
353, überprüfen
354, fokussieren
355, illustrieren
356, entzünden
357, erschließen
358, rechtfertigen
359, bekräftigen
360, unterschreiben
361, deuten
362, erleben
363, entfernen
364, umreißen
365, deklarieren
366, paddeln
367, bemerken
368, kleben
369, herstellen
370, verteilen
371, beseitigen
372, quartieren
373, erfassen
374, leiten
375, begraben
376, färben
377, transportieren
378, bestätigen
379, winken
380, blinzeln
381, huschen
382, spülen
383, überschneiden
384, rasieren
385, schießen
386, verringern
387, gemütlich
388, klopfen
389, planen
390, weinen
391, schimmern
392, verriegeln
393, fallen
394, berechnen
395, beantworten
396, stolpern
397, bauen
398, etablieren
399, Skizze
400, verweigern
401, isolieren
402, überwinden
403, schwadronieren
404, sehen
405, unterstützen
406, einstellen
407, verzögern
408, spüren
409, pflücken
410, umarmen
411, blitzen
412, schreien
413, sichern
414, pilgern
415, kopieren
416, verblassen
417, vermeiden
418, drehen
419, streuen
420, senken
421, reifen
422, werben
423, entziehen
424, abbauen
425, stempeln
426, beurteilen
427, strömen
428, starten
429, inspizieren
430, positionieren
431, lösen
432, springen
433, formen
434, verwalten
435, wehren
436, werfen
437, schwingen
438, lauern
439, grundieren
440, führen
441, plädieren
442, anstrengen
443, schweigen
444, teilen
445, probieren
446, alarmieren
447, bearbeiten
448, abreißen
449, damit prahlen
450, bibbern
451, flicken
452, glühen
453, feiern
454, klettern
455, radeln
456, spähen
457, schnitzen
458, schnarchen
459, bemalen
460, unterbrechen
461, summen
462, segeln
463, passieren
464, eintreffen
465, blenden
466, laden
467, reagieren
468, nicken
469, zerschlagen
470, knirschen
471, unterzeichnen
472, entwerfen
473, beschriften
474, einkaufen
475, tanzen
476, glänzen
477, fegen
478, grübeln
479, zupfen
480, signalisieren
481, graben
482, drücken
483, nennen
484, gebären
485, auswählen
486, heben
487, knüpfen
488, krabbeln
489, spenden
490, jagen
491, hochziehen
492, schätzen
493, ärgern
494, besprechen
495, greifen
496, zusammenbrechen
497, zerschneiden
498, abkühlen
499, schwärmen
500, verurteilen
501, schaffen
502, bereiten
503, produzieren
504, abziehen
505, scrollen
506, flüstern
507, ausdehnen
508, kochen
509, schieben
510, locken
511, handeln
512, dampfen
513, salzen
514, anlocken
515, funkeln
516, hocken
517, reinigen
518, pflügen
519, baden
520, einhaken
521, schnappen
522, auffordern
523, bewegen
524, gestalten
525, einschließen
526, beladen
527, gedeihen
528, prognostizieren
529, schütteln
530, zucken
531, tätscheln
532, beobachten
533, rutschen
534, bedienen
535, abstimmen
536, bewahren
537, betrügen
538, kämpfen
539, filmen
540, durchschneiden
541, provozieren
542, bimmeln
543, tönen
544, kippen
545, wechseln
546, ertönen
547, trennen
548, knallen
549, fließen
550, treffen
551, vergleichen
552, jonglieren
553, schlucken
554, diktieren
555, öffnen
556, hervorheben
557, umdrehen
558, vervollständigen
559, begrüßen
560, fotografieren
561, hinterfragen
562, kneifen
563, reparieren
564, löschen
565, löten
566, pulen
567, verbreiten
568, durchsuchen
569, kitzeln
570, schwimmen
571, beschwatzen
572, installieren
573, gründen
574, einrichten
575, lächeln
576, kreischen
577, erfinden
578, unterrichten
579, inszenieren
580, lehren
581, schrumpfen
582, herunterfallen
583, leben
584, fliegen
585, reduzieren
586, jammern
587, regulieren
588, bereisen
589, umgeben
590, loben
591, apportieren
592, entwässern
593, stolzieren
594, anrufen
595, suchen
596, riechen
597, ordnen
598, studieren
599, schwanken
600, zuklappen
601, informieren
602, vernichten
603, schluchzen
604, atmen
605, ergreifen
606, anbringen
607, sich krümmen
608, aufhalten
609, markieren
610, lauschen
611, skizzieren
612, sprühen
613, schließen
614, irritieren
615, hochlaufen
616, treten
617, bewundern
618, heulen
619, fassonieren
620, trainieren
621, aufatmen
622, vermieten
623, darüber streiten
624, beschweren
625, wickeln
626, eingreifen
627, durchqueren
628, klatschen
629, rennen
630, bellen
631, besiegen
632, abwischen
633, rösten
634, sicherstellen
635, zerstören
636, entkräften
637, decken
638, putzen
639, anzeigen
640, rollen
641, schwenken
642, hervorrufen
643, umgehen
644, kauen
645, benutzen
646, besuchen
647, plaudern
648, fragen
649, verkleben
650, zügeln
651, zermalmen
652, erscheinen
653, fördern
654, existieren
655, durchstöbern
656, verkanten
657, ächzen
658, schweben
659, rauschen
660, häkeln
661, simulieren
662, überqueren
663, eintauchen
664, grinsen
665, messen
666, fahren
667, bedecken
668, raunen
669, blättern
670, tauchen
671, bestehen
672, ausbessern
673, nähren
674, untersuchen
675, übergeben
676, kratzen
677, abschneiden
678, experimentieren
679, erledigen
680, lehnen
681, zwingen
682, erben
683, verkleinern
684, zustimmen
685, tolerieren
686, sperren
687, beleuchten
688, austauschen
689, stapeln
690, verfassen
691, spielen
692, ernäheren
693, forschen
694, prahlen
695, schnüffeln
696, entsprechen
697, schälen
698, herumlungern
699, versammeln
700, quellen
701, freuen
702, intervenieren
703, hacken
704, beißen
705, stabilisieren
706, anschauen
707, ausrutschen
708, abstoßen
709, abgleiten
710, verstecken
711, scheitern
712, lesen
713, angreifen
714, anknüpfen
715, gleiten
716, navigieren
717, fangen
718, blasen
719, untergraben
720, sortieren
721, schmecken
722, einfallen
723, orientieren
724, tadeln
725, beugen
726, flohen
727, verhandeln
728, verdoppeln
729, biegen
730, projizieren
731, zerreißen
732, durchstreifen
733, pardonieren
734, strukturieren
735, rasen
736, entdecken
737, genehmigen
738, schmelzen
739, restaurieren
740, kämmen
741, anstacheln
742, hänseln
743, schrauben
744, knabbern
745, anhören
746, weisen
747, strecken
748, abbrennen
749, befriedigen
750, anschließen
751, finanzieren
752, operieren
753, erzählen
754, erreichen
755, ablenken
756, saisieren
757, vorhalten
758, moderieren
759, entfesseln
760, streiten
761, dekorieren
762, lila
763, spulen
764, sägen
765, anstiften
766, spritzen
767, kraulen
768, beschwören
769, hinreißen
770, schwören
771, konsumieren
772, hängen
773, schleudern
774, besprühen
775, überwachen
776, herrschen
777, blinken
778, tragen
779, ackern
780, manipulieren
781, kleiden
782, rocken
783, ausbrennen
784, arrangieren
785, erhalten
786, anzapfen
787, begreifen
788, strapazieren
789, rufen
790, behaupten
791, schmeicheln
792, emulieren
793, klirren
794, verbrauchen
795, schlummern
796, erstarren
797, säubern
798, strampeln
799, glitzern
800, anordnen
801, sabbern
802, peilen
803, ducken
804, zurückerstatten
805, lernen
806, besorgen
807, plagen
808, organisieren
809, sprengen
810, binden
811, erziehen
812, erliegen
813, hypnotisieren
814, falten
815, schnauzen
816, ballen
817, zeugen
818, hoffen
819, dünken
820, kuscheln
821, schlagen
822, plumpsen
823, gehorchen
824, beschreiben
825, wählen
826, vergraben
827, trinken
828, verknappen
829, anspeien
830, beamen
831, stylen
832, pflegen
833, opfern
834, fechten
835, fädeln
836, begeistern
837, abhalten
838, betäuben
839, umfassen
840, kollidieren
841, betteln
842, abtrocknen
843, füllen
844, herumhängen
845, einführen
846, auspacken
847, herausstellen
848, aufstacheln
849, foppen
850, verbessern
851, durchschauen
852, erweitern
853, wühlen
854, duellieren
855, stürzen
856, taumeln
857, amputieren
858, einspannen
859, nageln
860, bedrohen
861, trommeln
862, befrieden
863, quaßeln
864, abtasten
865, schmutzig machen
866, bohren
867, laufen
868, synchronisieren
869, affizieren
870, durcharbeiten
871, übernehmen
872, verzweigen
873, krachen
874, knacken
875, stellen
876, sitzen
877, distanzieren
878, pfeifen
879, verlaufen
880, mate
881, jucken
882, fluchen
883, klauen
884, verlassen
885, aufzwingen
886, seißen
887, verwickeln
888, schimpfen
889, schnauben
890, umwerfen
891, warten
892, verkrümmen
893, aktualisieren
894, profitieren
895, durchspielen
896, anklagen
897, fett
898, absplittern
899, verengen
900, kräuseln
901, zurückhalten
902, ausschneiden
903, durchwandern
904, schwinge
905, quadrieren
906, auswringen
907, ziehen
908, heilen
909, kreuzen
910, piercen
911, urteilen
912, verleihen
913, erleichtern
914, ermahnen
915, erforschen
916, bröseln
917, einwickeln
918, entziffern
919, prellen
920, ausspülen
921, würgen
922, kichern
923, eilen
924, durchquellen
925, eintöten
926, petzen
927, verhindern
928, zurücktreten
929, emigrieren
930, rammen
931, befreien
932, verschlimmern
933, dehnen
934, spucken
935, sich verirren
936, essiglecken
937, schmachten
938, quälen
939, läuten
940, zaghaft
941, höhlen
942, erhöhen
943, nähen
944, mahlen
945, zwicken
946, platzieren
947, schreiben
948, verklären
949, beweisen
950, ernten
951, regeln
952, überliefern
953, düngen
954, servieren
955, einschalten
956, abtreten
957, stricken
958, beschimpfen
959, keifen
960, ergattern
961, schalten
962, klagen
963, gähnen
964, kuchen
965, warnen
966, reißen
967, benehmen
968, zurückkehren
969, verkleiden
970, ruinieren
971, verschmutzen
972, schaben
973, crossfaden
974, eröffnen
975, schwächeln
976, leiden
977, verwirren
978, zerpflücken
979, freisetzen
980, nöhnen
981, fusionieren
982, sammeln
983, lanzieren
984, verwehren
985, wecken
986, backen
987, weißwaschen
988, abkratzen
989, rappen
990, fortziehen
991, emanzipieren
992, sagen
993, knechten
994, hämmern
995, auskramen
996, ausführen
997, ringen
998, abschlecken
999, erneuern
1000, fummeln
1001, träumen
1002, überbrücken
1003, tun
1004, behelligen
1005, grooven
1006, hellen
1007, beleidigen
1008, kommentieren
1009, zermahlen
1010, nehmen
1011, beenden
1012, bereichern
1013, entschuldigen
1014, verwelken
1015, begehren
1016, falsch verstehen
1017, beleben
1018, bleiben
1019, wimmern
1020, einziehen
1021, durchdringen
1022, entkernen
1023, gackern
1024, funken
1025, aussagen
1026, krächzen
1027, hantieren
1028, einschrauben
1029, befassen
1030, kauern
1031, stimulieren
1032, verkohlen
1033, festhaften
1034, differenzieren
1035, prickeln
1036, ereignen
1037, verknoten
1038, tauschen
1039, verzerren
1040, pipen
1041, testen
1042, blicken
